dropped_sample,feature,baseline_shape_rms,loso_shape_rms,baseline_rank,loso_rank
Ctrl1A2,Inmt,1.1395290657689898,1.1950726766472122,0,1
Ctrl1A2,Cyp7b1,1.1139706228892714,1.2127099811743411,1,0
Ctrl1A2,Cyp4b1,1.0126112111247776,1.0677681981084028,2,2
Ctrl1A2,Cyp2e1,0.9221284756058237,0.9857239074082504,3,3
Ctrl1A2,Krt20,0.9068977658656021,0.907327091450609,4,5
Ctrl1A2,Mep1b,0.857139994218156,0.9298656068451506,5,4
Ctrl1A2,Pah,0.7637416302067978,0.84107484538184,6,6
Ctrl1A2,Ugt2b38,0.7497946961381604,0.8392993308856247,7,7
Ctrl1A2,Slc22a7,0.7331682805682019,0.798417682395871,8,8
Ctrl1A2,Slc34a1,0.7315174094194468,0.7807417668623374,9,9
Ctrl1A2,Krt8,0.7129897980556519,0.7173256568222997,10,15
Ctrl1A2,Odc1,0.7075287365063,0.7545039438327984,11,10
Ctrl1A4,Inmt,1.1395290657689898,1.089869396228371,0,0
Ctrl1A4,Cyp7b1,1.1139706228892714,1.0201630435605367,1,1
Ctrl1A4,Cyp4b1,1.0126112111247776,0.967318221551723,2,2
Ctrl1A4,Cyp2e1,0.9221284756058237,0.8673796306638559,3,4
Ctrl1A4,Krt20,0.9068977658656021,0.9073864323567296,4,3
Ctrl1A4,Mep1b,0.857139994218156,0.7917150729593496,5,5
Ctrl1A4,Pah,0.7637416302067978,0.6917548944444144,6,7
Ctrl1A4,Ugt2b38,0.7497946961381604,0.6654003552130681,7,11
Ctrl1A4,Slc22a7,0.7331682805682019,0.6739077443853668,8,9
Ctrl1A4,Slc34a1,0.7315174094194468,0.6858422654635148,9,8
Ctrl1A4,Krt8,0.7129897980556519,0.7114595883917364,10,6
Ctrl1A4,Odc1,0.7075287365063,0.6661644318714776,11,10
IR2A2,Inmt,1.1395290657689898,1.1765331678680884,0,1
IR2A2,Cyp7b1,1.1139706228892714,1.1491830083460683,1,2
IR2A2,Cyp4b1,1.0126112111247776,1.2085765376760407,2,0
IR2A2,Cyp2e1,0.9221284756058237,0.9768308350163507,3,3
IR2A2,Krt20,0.9068977658656021,0.8478765160312813,4,5
IR2A2,Mep1b,0.857139994218156,0.8558082718620731,5,4
IR2A2,Pah,0.7637416302067978,0.7847122327405408,6,8
IR2A2,Ugt2b38,0.7497946961381604,0.8185288976952904,7,7
IR2A2,Slc22a7,0.7331682805682019,0.7392213313961027,8,10
IR2A2,Slc34a1,0.7315174094194468,0.8381134709793024,9,6
IR2A2,Krt8,0.7129897980556519,0.708548413488161,10,13
IR2A2,Odc1,0.7075287365063,0.7535332095112941,11,9
IR2A4,Inmt,1.1395290657689898,1.0923667529465295,0,0
IR2A4,Cyp7b1,1.1139706228892714,1.0756689932816845,1,1
IR2A4,Cyp4b1,1.0126112111247776,0.7556227210400244,2,7
IR2A4,Cyp2e1,0.9221284756058237,0.8510120589720667,3,4
IR2A4,Krt20,0.9068977658656021,0.9777928509797333,4,2
IR2A4,Mep1b,0.857139994218156,0.8595433304928922,5,3
IR2A4,Pah,0.7637416302067978,0.7341859149608743,6,8
IR2A4,Ugt2b38,0.7497946961381604,0.6564918809625545,7,14
IR2A4,Slc22a7,0.7331682805682019,0.7238719117338674,8,9
IR2A4,Slc34a1,0.7315174094194468,0.5960648374915622,9,27
IR2A4,Krt8,0.7129897980556519,0.7213830481381119,10,10
IR2A4,Odc1,0.7075287365063,0.6400603160299706,11,16
