control_id,kind,human_genes,mouse_genes,expected,tissue,measurement,species_compared,confidence,direction_verified_for_mouse,evidence,citation,pmid,url
L01,gene,SLC22A2,Slc22a2,higher in mouse,whole kidney,protein,human vs mouse (also rat),high,yes,"Thakur 2024 Table 1, LC-MS/MS DIA total-protein-approach quantification of 78 membrane DMET proteins in kidney membrane fractions of human (n=15), rat (n=10) and mouse (n=14) in one study, with an explicit mouse column. OCT2/Oct2 human 6.5+/-2.7 vs mouse 13.5+/-3.3 pmol/mg membrane protein, 2.1-fold higher in mouse. Direction agrees with Basit 2019 (PMID 31123036). Mouse Oct2 is androgen-driven and higher in male mice (Alnouti 2006, PMID 16381671), so our all-male mice should if anything exceed this sex-pooled average.",Thakur 2024 Clin Pharmacol Ther,38711199,https://pubmed.ncbi.nlm.nih.gov/38711199/
L03,gene,SLC22A4,Slc22a4,higher in mouse,whole kidney,protein,human vs mouse (also rat),medium,yes,"Thakur 2024 Table 1, LC-MS/MS DIA total-protein-approach quantification of 78 membrane DMET proteins in kidney membrane fractions of human (n=15), rat (n=10) and mouse (n=14) in one study, with an explicit mouse column. OCTN1/Octn1 human 0.6+/-0.2 vs mouse 1.3+/-0.2 pmol/mg, 2.2-fold higher in mouse. DIRECTION REVERSED relative to v1 of this list: Basit 2019 placed OCTN1 among the three transporters NOT higher in preclinical species, but that statement pooled monkey, dog, rat and mouse. Thakur's text notes human OCTN1 is comparable to RAT, which is consistent with both papers; the mouse column is what reverses it. Two same-method studies from the same laboratory disagree, hence medium.",Thakur 2024 Clin Pharmacol Ther,38711199,https://pubmed.ncbi.nlm.nih.gov/38711199/
L05,gene,SLC22A6,Slc22a6,higher in mouse,whole kidney,protein,human vs mouse (also rat),high,yes,"Thakur 2024 Table 1, LC-MS/MS DIA total-protein-approach quantification of 78 membrane DMET proteins in kidney membrane fractions of human (n=15), rat (n=10) and mouse (n=14) in one study, with an explicit mouse column. OAT1/Oat1 human 4.8+/-1.2 vs mouse 19.1+/-7.1 pmol/mg, 4.0-fold. The paper states explicitly: 'Human OAT1 abundance was 86% and 80% lower compared to rats and mice, respectively (p < 0.001)'. Agrees with Basit 2019.",Thakur 2024 Clin Pharmacol Ther,38711199,https://pubmed.ncbi.nlm.nih.gov/38711199/
L06,gene,SLC22A7,Slc22a7,higher in mouse,whole kidney,protein,human vs mouse (also rat),medium,yes,"Thakur 2024 Table 1, LC-MS/MS DIA total-protein-approach quantification of 78 membrane DMET proteins in kidney membrane fractions of human (n=15), rat (n=10) and mouse (n=14) in one study, with an explicit mouse column. OAT2/Oat2 human 0.3+/-0.1 vs mouse 2.3+/-0.6 pmol/mg, 7.7-fold. The paper states 'OAT2 and ENT1 abundance was lowest in humans, with a fold range of 3-12 (p < 0.05)'. Agrees with Basit 2019. Caveat: the human value is below the paper's own 0.5 pmol/mg confirmation threshold.",Thakur 2024 Clin Pharmacol Ther,38711199,https://pubmed.ncbi.nlm.nih.gov/38711199/
L09,gene,ABCC4,Abcc4,higher in mouse,whole kidney,protein,human vs mouse (also rat),medium,yes,"Thakur 2024 Table 1, LC-MS/MS DIA total-protein-approach quantification of 78 membrane DMET proteins in kidney membrane fractions of human (n=15), rat (n=10) and mouse (n=14) in one study, with an explicit mouse column. MRP4/Mrp4 human 0.2+/-0.1 vs mouse 0.9+/-0.6 pmol/mg, 4.5-fold; the paper states 'MRP4 abundance in humans was 80% lower compared to the rodents (p < 0.0001)'. Agrees with Basit 2019. Caveat: human value below the 0.5 pmol/mg confirmation threshold.",Thakur 2024 Clin Pharmacol Ther,38711199,https://pubmed.ncbi.nlm.nih.gov/38711199/
L12,gene,SLC22A1,Slc22a1,higher in mouse,whole kidney,protein,human vs mouse (also rat),high,yes,"Thakur 2024 Table 1, LC-MS/MS DIA total-protein-approach quantification of 78 membrane DMET proteins in kidney membrane fractions of human (n=15), rat (n=10) and mouse (n=14) in one study, with an explicit mouse column. OCT1/Oct1 NOT DETECTED in human kidney vs mouse 10.5+/-1.7 pmol/mg, one of the larger mouse-side values in the panel. This now supplies the mouse-specific, single-study confirmation that v1 of this list lacked. Independently corroborated: hOCT1 protein is undetectable on Western blot of human kidney and hOCT1 mRNA is the lowest of the SLC22 family in human kidney (Motohashi 2002, PMID 11912245), while mouse Oct1 mRNA is highest of 14 tissues in kidney (Alnouti 2006, PMID 16381671).",Thakur 2024 Clin Pharmacol Ther,38711199,https://pubmed.ncbi.nlm.nih.gov/38711199/
L13,gene,SLC47A2,Slc47a2,higher in human,whole kidney,protein,human vs mouse (also rat),medium,yes,"Thakur 2024 Table 1, LC-MS/MS DIA total-protein-approach quantification of 78 membrane DMET proteins in kidney membrane fractions of human (n=15), rat (n=10) and mouse (n=14) in one study, with an explicit mouse column. MATE2/Mate2 human 0.1+/-0.1 vs mouse NOT DETECTED. Direction agrees with the independent pair Masuda 2006 (PMID 16807400; human MATE2-K kidney-predominant, PT brush-border protein) and Hiasa 2007 (PMID 17715386; mouse MATE2 protein confined to testicular Leydig cells). Caveat: the human value, 0.1 pmol/mg, is far below the paper's 0.5 pmol/mg confirmation threshold, so this is a low-abundance call and a weak expectation at Visium HD depth.",Thakur 2024 Clin Pharmacol Ther,38711199,https://pubmed.ncbi.nlm.nih.gov/38711199/
L17,pathway,SLC22A1;SLC22A2,Slc22a1;Slc22a2,higher in mouse,whole kidney,protein,human vs mouse (also rat),high,yes,"Thakur 2024 Table 1, LC-MS/MS DIA total-protein-approach quantification of 78 membrane DMET proteins in kidney membrane fractions of human (n=15), rat (n=10) and mouse (n=14) in one study, with an explicit mouse column. Basolateral PT organic cation uptake capacity. Summing the two basolateral OCTs in Table 1: human 0 + 6.5 = 6.5 vs mouse 10.5 + 13.5 = 24.0 pmol/mg, 3.7-fold higher in mouse. Matches the independent anatomical picture: rodent PT uses two basolateral OCTs (rOct1 in S1/S2 and rOct2 in S2/S3, Karbach 2000, PMID 10997918) while human PT effectively uses OCT2 alone (Motohashi 2002). Aggregate, so more robust than either gene alone.",Thakur 2024 Clin Pharmacol Ther,38711199,https://pubmed.ncbi.nlm.nih.gov/38711199/
L19,gene,SLC22A8,Slc22a8,higher in mouse,whole kidney,protein,human vs mouse (also rat),medium,yes,"Thakur 2024 Table 1, LC-MS/MS DIA total-protein-approach quantification of 78 membrane DMET proteins in kidney membrane fractions of human (n=15), rat (n=10) and mouse (n=14) in one study, with an explicit mouse column. OAT3/Oat3 human 4.3+/-1.1 vs mouse 6.5+/-3.6 pmol/mg, 1.5-fold. Borderline at the 1.5-fold bar and the mouse SD is wide, so medium. Note this supersedes v1, where OAT3 was dropped over a within-human ranking conflict between Motohashi 2002 and Hilgendorf 2007; that conflict is about OAT1-vs-OAT3 rank inside human kidney and does not bear on the cross-species direction.",Thakur 2024 Clin Pharmacol Ther,38711199,https://pubmed.ncbi.nlm.nih.gov/38711199/
L20,gene,SLC22A12,Slc22a12,higher in mouse,whole kidney,protein,human vs mouse (also rat),high,yes,"Thakur 2024 Table 1, LC-MS/MS DIA total-protein-approach quantification of 78 membrane DMET proteins in kidney membrane fractions of human (n=15), rat (n=10) and mouse (n=14) in one study, with an explicit mouse column. URAT1/Urat1 human 3.1+/-1.2 vs mouse 10.8+/-1.1 pmol/mg; the paper states 'Compared to humans, urate transporter (URAT1) was 3-fold higher in mice (p < 0.0001)' - an explicit mouse-vs-human statement with a p-value. Mouse Urat1 is male-predominant and androgen-driven (Cheng 2009, PMID 19679677), which reinforces the direction for our all-male mice.",Thakur 2024 Clin Pharmacol Ther,38711199,https://pubmed.ncbi.nlm.nih.gov/38711199/
L21,gene,SLC22A13,Slc22a13,higher in mouse,whole kidney,protein,human vs mouse (also rat),high,yes,"Thakur 2024 Table 1, LC-MS/MS DIA total-protein-approach quantification of 78 membrane DMET proteins in kidney membrane fractions of human (n=15), rat (n=10) and mouse (n=14) in one study, with an explicit mouse column. OAT10/Oat10 human 1.3+/-0.4 vs mouse 2.8+/-1.1 pmol/mg, 2.2-fold higher in mouse.",Thakur 2024 Clin Pharmacol Ther,38711199,https://pubmed.ncbi.nlm.nih.gov/38711199/
L22,gene,ABCG2,Abcg2,higher in mouse,whole kidney,protein,human vs mouse (also rat),medium,yes,"Thakur 2024 Table 1, LC-MS/MS DIA total-protein-approach quantification of 78 membrane DMET proteins in kidney membrane fractions of human (n=15), rat (n=10) and mouse (n=14) in one study, with an explicit mouse column. BCRP/Bcrp NOT DETECTED in human kidney vs mouse 46.1+/-5.0 pmol/mg, among the highest values in the whole panel; the paper states 'BCRP, BSEP and MRP3 were only quantifiable in rodent kidneys'. Very large expected effect. Caveat: human renal BCRP is detectable in other studies, so the human ND may be a surrogate-peptide or sample-handling artefact; the magnitude is therefore less certain than the direction.",Thakur 2024 Clin Pharmacol Ther,38711199,https://pubmed.ncbi.nlm.nih.gov/38711199/
L23,gene,ABCC2,Abcc2,higher in mouse,whole kidney,protein,human vs mouse (also rat),medium,yes,"Thakur 2024 Table 1, LC-MS/MS DIA total-protein-approach quantification of 78 membrane DMET proteins in kidney membrane fractions of human (n=15), rat (n=10) and mouse (n=14) in one study, with an explicit mouse column. MRP2/Mrp2 human 0.2+/-0.1 vs mouse 1.5+/-0.2 pmol/mg; the paper states human MRP2 was '86% lower' than mouse (p < 0.05). Caveat: the human value is below the 0.5 pmol/mg confirmation threshold.",Thakur 2024 Clin Pharmacol Ther,38711199,https://pubmed.ncbi.nlm.nih.gov/38711199/
L24,gene,SLC47A1,Slc47a1,higher in mouse,whole kidney,protein,human vs mouse (also rat),high,yes,"Thakur 2024 Table 1, LC-MS/MS DIA total-protein-approach quantification of 78 membrane DMET proteins in kidney membrane fractions of human (n=15), rat (n=10) and mouse (n=14) in one study, with an explicit mouse column. MATE1/Mate1 human 1.1+/-0.3 vs mouse 9.3+/-2.6 pmol/mg, 8.5-fold higher in mouse. IMPORTANT: this is why the v1 aggregate control 'PT apical MATE efflux higher in human' was DROPPED. That entry rested on a gene-count argument (human has two renal MATEs, mouse one); quantitatively the summed MATE protein is 1.2 pmol/mg in human vs 9.3 in mouse, i.e. the opposite direction. MATE1 alone is the real control and it runs the other way.",Thakur 2024 Clin Pharmacol Ther,38711199,https://pubmed.ncbi.nlm.nih.gov/38711199/
L25,gene,SLC16A1,Slc16a1,higher in mouse,whole kidney,protein,human vs mouse (also rat),high,yes,"Thakur 2024 Table 1, LC-MS/MS DIA total-protein-approach quantification of 78 membrane DMET proteins in kidney membrane fractions of human (n=15), rat (n=10) and mouse (n=14) in one study, with an explicit mouse column. MCT1/Mct1 human 1.0+/-0.2 vs mouse 2.0+/-0.3 pmol/mg, 2.0-fold higher in mouse.",Thakur 2024 Clin Pharmacol Ther,38711199,https://pubmed.ncbi.nlm.nih.gov/38711199/
L26,gene,SLC16A7,Slc16a7,higher in mouse,whole kidney,protein,human vs mouse (also rat),medium,yes,"Thakur 2024 Table 1, LC-MS/MS DIA total-protein-approach quantification of 78 membrane DMET proteins in kidney membrane fractions of human (n=15), rat (n=10) and mouse (n=14) in one study, with an explicit mouse column. MCT2/Mct2 human 0.4+/-0.2 vs mouse 1.3+/-0.4 pmol/mg, 3.3-fold. Caveat: human value below the 0.5 pmol/mg confirmation threshold.",Thakur 2024 Clin Pharmacol Ther,38711199,https://pubmed.ncbi.nlm.nih.gov/38711199/
L27,gene,SLC29A1,Slc29a1,higher in mouse,whole kidney,protein,human vs mouse (also rat),medium,yes,"Thakur 2024 Table 1, LC-MS/MS DIA total-protein-approach quantification of 78 membrane DMET proteins in kidney membrane fractions of human (n=15), rat (n=10) and mouse (n=14) in one study, with an explicit mouse column. ENT1/Ent1 human 0.2+/-0.1 vs mouse 1.9+/-0.5 pmol/mg, 9.5-fold; the paper groups ENT1 with OAT2 as 'lowest in humans, with a fold range of 3-12 (p < 0.05)'. Caveat: human value below the 0.5 pmol/mg threshold.",Thakur 2024 Clin Pharmacol Ther,38711199,https://pubmed.ncbi.nlm.nih.gov/38711199/
L28,gene,SLC10A2,Slc10a2,higher in mouse,whole kidney,protein,human vs mouse (also rat),medium,yes,"Thakur 2024 Table 1, LC-MS/MS DIA total-protein-approach quantification of 78 membrane DMET proteins in kidney membrane fractions of human (n=15), rat (n=10) and mouse (n=14) in one study, with an explicit mouse column. ASBT/Asbt NOT DETECTED in human kidney vs mouse 3.2+/-1.1 pmol/mg. Direction rests on a human ND, so medium.",Thakur 2024 Clin Pharmacol Ther,38711199,https://pubmed.ncbi.nlm.nih.gov/38711199/
L29,gene,EPHX1,Ephx1,higher in human,whole kidney,protein,human vs mouse (also rat),high,yes,"Thakur 2024 Table 1, LC-MS/MS DIA total-protein-approach quantification of 78 membrane DMET proteins in kidney membrane fractions of human (n=15), rat (n=10) and mouse (n=14) in one study, with an explicit mouse column. EPHX1/Ephx1 human 16.4+/-4.5 vs mouse 2.4+/-0.7 pmol/mg, 6.8-fold higher in human; the paper states 'EPHX1 and FMO1 were highly abundant in humans, with 22% and 85% lower abundance of EPHX1 in rats and mice, respectively' - explicit for mice. One of the strongest higher-in-human controls available, and abundant enough to be visible at Visium HD depth.",Thakur 2024 Clin Pharmacol Ther,38711199,https://pubmed.ncbi.nlm.nih.gov/38711199/
L30,gene,EPHX3,Ephx3,higher in human,whole kidney,protein,human vs mouse (also rat),medium,yes,"Thakur 2024 Table 1, LC-MS/MS DIA total-protein-approach quantification of 78 membrane DMET proteins in kidney membrane fractions of human (n=15), rat (n=10) and mouse (n=14) in one study, with an explicit mouse column. EPHX3/Ephx3 human 4.4+/-3.2 pmol/mg vs NOT DETECTED in mouse. Direction rests on a mouse ND and the human SD is wide, so medium.",Thakur 2024 Clin Pharmacol Ther,38711199,https://pubmed.ncbi.nlm.nih.gov/38711199/
L31,gene,FMO1,Fmo1,higher in human,whole kidney,protein,human vs mouse (also rat),high,yes,"Thakur 2024 Table 1, LC-MS/MS DIA total-protein-approach quantification of 78 membrane DMET proteins in kidney membrane fractions of human (n=15), rat (n=10) and mouse (n=14) in one study, with an explicit mouse column. FMO1/Fmo1 human 17.0+/-4.6 vs mouse 8.7+/-3.5 pmol/mg; the paper reports '~50% lower FMO1 abundance in both the rodent species'. This also CORRECTS v1, which excluded FMO1 on the grounds that the known human/mouse FMO1 difference was liver-only (Shephard 2007, PMID 17547558); a direct kidney measurement now exists and gives a clear direction.",Thakur 2024 Clin Pharmacol Ther,38711199,https://pubmed.ncbi.nlm.nih.gov/38711199/
L32,gene,FMO4,Fmo4,higher in human,whole kidney,protein,human vs mouse (also rat),high,yes,"Thakur 2024 Table 1, LC-MS/MS DIA total-protein-approach quantification of 78 membrane DMET proteins in kidney membrane fractions of human (n=15), rat (n=10) and mouse (n=14) in one study, with an explicit mouse column. FMO4/Fmo4 human 2.3+/-0.9 vs mouse 1.1+/-0.3 pmol/mg, 2.1-fold higher in human.",Thakur 2024 Clin Pharmacol Ther,38711199,https://pubmed.ncbi.nlm.nih.gov/38711199/
L33,gene,MGST1,Mgst1,higher in human,whole kidney,protein,human vs mouse (also rat),high,yes,"Thakur 2024 Table 1, LC-MS/MS DIA total-protein-approach quantification of 78 membrane DMET proteins in kidney membrane fractions of human (n=15), rat (n=10) and mouse (n=14) in one study, with an explicit mouse column. MGST1/Mgst1 human 23.8+/-9.7 vs mouse 8.3+/-6.9 pmol/mg, 2.9-fold higher in human. Mouse SD is wide.",Thakur 2024 Clin Pharmacol Ther,38711199,https://pubmed.ncbi.nlm.nih.gov/38711199/
L34,gene,MGST2,Mgst2,higher in human,whole kidney,protein,human vs mouse (also rat),high,yes,"Thakur 2024 Table 1, LC-MS/MS DIA total-protein-approach quantification of 78 membrane DMET proteins in kidney membrane fractions of human (n=15), rat (n=10) and mouse (n=14) in one study, with an explicit mouse column. MGST2/Mgst2 human 19.0+/-4.9 pmol/mg vs NOT DETECTED in mouse. Large, high-abundance higher-in-human effect; direction rests on a mouse ND but the human value is well above the confirmation threshold.",Thakur 2024 Clin Pharmacol Ther,38711199,https://pubmed.ncbi.nlm.nih.gov/38711199/
L35,gene,MGST3,Mgst3,higher in human,whole kidney,protein,human vs mouse (also rat),high,yes,"Thakur 2024 Table 1, LC-MS/MS DIA total-protein-approach quantification of 78 membrane DMET proteins in kidney membrane fractions of human (n=15), rat (n=10) and mouse (n=14) in one study, with an explicit mouse column. MGST3/Mgst3 human 29.6+/-7.3 vs mouse 13.4+/-9.4 pmol/mg, 2.2-fold higher in human.",Thakur 2024 Clin Pharmacol Ther,38711199,https://pubmed.ncbi.nlm.nih.gov/38711199/
L36,gene,GUSB,Gusb,higher in human,whole kidney,protein,human vs mouse (also rat),medium,yes,"Thakur 2024 Table 1, LC-MS/MS DIA total-protein-approach quantification of 78 membrane DMET proteins in kidney membrane fractions of human (n=15), rat (n=10) and mouse (n=14) in one study, with an explicit mouse column. GUSB/Gusb human 1.6+/-0.8 pmol/mg vs below limit of quantification in mouse. Modest abundance, BLQ-based, so medium.",Thakur 2024 Clin Pharmacol Ther,38711199,https://pubmed.ncbi.nlm.nih.gov/38711199/
L37,gene,POR,Por,higher in mouse,whole kidney,protein,human vs mouse (also rat),high,yes,"Thakur 2024 Table 1, LC-MS/MS DIA total-protein-approach quantification of 78 membrane DMET proteins in kidney membrane fractions of human (n=15), rat (n=10) and mouse (n=14) in one study, with an explicit mouse column. POR/Por human 2.6+/-0.3 vs mouse 5.3+/-1.3 pmol/mg; the paper states POR 'was comparable between humans and rats' but 'it was 2-fold higher in mice' - explicit for mice.",Thakur 2024 Clin Pharmacol Ther,38711199,https://pubmed.ncbi.nlm.nih.gov/38711199/
L38,gene,AADAC,Aadac,higher in mouse,whole kidney,protein,human vs mouse (also rat),medium,yes,"Thakur 2024 Table 1, LC-MS/MS DIA total-protein-approach quantification of 78 membrane DMET proteins in kidney membrane fractions of human (n=15), rat (n=10) and mouse (n=14) in one study, with an explicit mouse column. AADAC/Aadac NOT DETECTED in human kidney vs mouse 4.7+/-1.1 pmol/mg. Direction rests on a human ND, so medium.",Thakur 2024 Clin Pharmacol Ther,38711199,https://pubmed.ncbi.nlm.nih.gov/38711199/
L39,gene,CYP2E1,Cyp2e1,higher in mouse,whole kidney,protein,human vs mouse (also rat),medium,yes,"Thakur 2024 Table 1, LC-MS/MS DIA total-protein-approach quantification of 78 membrane DMET proteins in kidney membrane fractions of human (n=15), rat (n=10) and mouse (n=14) in one study, with an explicit mouse column. CYP2E1/Cyp2e1 NOT DETECTED in human kidney vs mouse 4.1+/-2.9 pmol/mg; the paper states 'CYP2E1 was absent in human kidney samples, however, its orthologs were detected in rats and mice with abundance values of 2.4 and 4.1 pmol/mg'. MALE-SPECIFIC REINFORCEMENT: Cyp2e1 is '7-fold higher in male mice than in female', so the sex-pooled 4.1 understates the expected value in our all-male mice.",Thakur 2024 Clin Pharmacol Ther,38711199,https://pubmed.ncbi.nlm.nih.gov/38711199/
L40,gene,CYP4B1,Cyp4b1,higher in mouse,whole kidney,protein,human vs mouse (also rat),medium,yes,"Thakur 2024 Table 1, LC-MS/MS DIA total-protein-approach quantification of 78 membrane DMET proteins in kidney membrane fractions of human (n=15), rat (n=10) and mouse (n=14) in one study, with an explicit mouse column. CYP4B1/Cyp4b1 NOT DETECTED in human kidney vs mouse 46.2+/-39.6 pmol/mg. Very large but very imprecise (SD ~ 86% of the mean), and direction rests on a human ND.",Thakur 2024 Clin Pharmacol Ther,38711199,https://pubmed.ncbi.nlm.nih.gov/38711199/
L02,gene,SLC22A3,Slc22a3,higher in human,cortex,protein,"human vs preclinical (monkey, dog, rat, mouse pooled)",medium,no,"Basit 2019 kidney-cortex proteomics names OCT3 as one of only three transporters NOT higher in the preclinical species, i.e. relatively higher in human. The statement pools monkey, dog, rat and mouse, and the full per-species table is paywalled, so the mouse-specific direction is NOT verified. Oct3 was not in the Thakur 2024 panel, so no mouse column exists for it. Weakly consistent with mouse Oct3 mRNA being low in kidney and highest in placenta/ovary/uterus (Alnouti 2006, PMID 16381671). Downgraded from high to medium.",Basit 2019 Drug Metab Dispos,31123036,https://pubmed.ncbi.nlm.nih.gov/31123036/
L07,gene,ABCC1,Abcc1,higher in mouse,cortex,protein,"human vs preclinical (monkey, dog, rat, mouse pooled)",medium,no,"Basit 2019 reports MRP1 among the transporters differing across species (3.3-fold range) and higher in preclinical species than human, but only as a pooled 'preclinical' statement. MRP1 was not quantified in the Thakur 2024 panel, so no mouse column exists. Downgraded from high to medium.",Basit 2019 Drug Metab Dispos,31123036,https://pubmed.ncbi.nlm.nih.gov/31123036/
L14,gene,KYAT1,Kyat1,higher in mouse,cortex,activity,human vs rat,medium,no,"Cysteine conjugate beta-lyase activity in human kidney cytosol is about 10% of rat kidney cytosol in one study, assayed with S-(2-benzothiazolyl)-L-cysteine; the activity co-purified with cytosolic glutamine transaminase K, i.e. KYAT1/CCBL1. RAT, not mouse, so not mouse-verified. Activity is also partly shared with KYAT3/GOT1.",Lash 1990 Drug Metab Dispos,2139845,https://pubmed.ncbi.nlm.nih.gov/2139845/
L16,pathway,SLC22A1;SLC22A2;SLC22A6;SLC22A7;SLC22A8;SLC22A12;SLC22A13;ABCC2;ABCC4;ABCG2;SLC47A1;SLC16A1;SLC29A1,Slc22a1;Slc22a2;Slc22a6;Slc22a7;Slc22a8;Slc22a12;Slc22a13;Abcc2;Abcc4;Abcg2;Slc47a1;Slc16a1;Slc29a1,higher in mouse,whole kidney,protein,human vs mouse (also rat),high,no,"Aggregate control, now SCOPED TO TRANSPORTERS. Both source studies state the aggregate for 'rodents' or 'preclinical species' rather than mouse alone, so it is marked unverified as a stated claim. However, a tally I derived from Thakur 2024 Table 1 (my own derivation, not a statement in the paper) supports it for transporters: of 21 transporters with numeric values in BOTH human and mouse, 13 are >=1.5-fold higher in mouse, 3 higher in human and 5 comparable; a further 14 were quantified only in mouse versus 3 only in human. ATP1A1 was removed from this set along with the dropped L11. IMPORTANT SCOPE LIMIT: the same tally does NOT hold for membrane ENZYMES, where 4 are higher in mouse and 6 higher in human, so do not expect a global 'everything higher in mouse' shift.",Thakur 2024 Clin Pharmacol Ther,38711199,https://pubmed.ncbi.nlm.nih.gov/38711199/
